loss,mae,val_loss,val_mae,road_id
0.26520222425460815,0.35927966237068176,0.08980400860309601,0.2207988053560257,NL-001
0.08827956020832062,0.21977733075618744,0.08046639710664749,0.2092498242855072,NL-001
0.07674262672662735,0.20342670381069183,0.06894626468420029,0.19319726526737213,NL-001
0.07274792343378067,0.1979866772890091,0.07739216834306717,0.19543391466140747,NL-001
0.06845603883266449,0.19100052118301392,0.0583057664334774,0.16786327958106995,NL-001
0.06642880290746689,0.18655334413051605,0.05947742611169815,0.16799332201480865,NL-001
0.06246596947312355,0.17950871586799622,0.058873020112514496,0.17025452852249146,NL-001
0.06209801882505417,0.18030202388763428,0.05613068491220474,0.16677257418632507,NL-001
0.06039337068796158,0.17704753577709198,0.0577174611389637,0.16668106615543365,NL-001
0.05811541527509689,0.17342497408390045,0.06363172084093094,0.1758589893579483,NL-001
0.05961470305919647,0.17382369935512543,0.05857471004128456,0.16761383414268494,NL-001
0.058189939707517624,0.17265960574150085,0.060150936245918274,0.1690749078989029,NL-001
0.054755326360464096,0.16733454167842865,0.059100668877363205,0.1703144609928131,NL-001
0.05507010221481323,0.16666537523269653,0.060666751116514206,0.17311930656433105,NL-001
0.054725080728530884,0.16654306650161743,0.058710336685180664,0.16890615224838257,NL-001
0.05483933538198471,0.16690567135810852,0.06065700575709343,0.17240817844867706,NL-001
0.25019535422325134,0.36214736104011536,0.07726094126701355,0.20956334471702576,NL-002
0.09007739275693893,0.22066229581832886,0.06423294544219971,0.1831061989068985,NL-002
0.07822562754154205,0.20525071024894714,0.06977151334285736,0.1936265081167221,NL-002
0.0731150284409523,0.19519098103046417,0.06044163927435875,0.18104411661624908,NL-002
0.0736195519566536,0.19567452371120453,0.06308548897504807,0.18044188618659973,NL-002
0.06644096970558167,0.1872551143169403,0.06230981647968292,0.1802506148815155,NL-002
0.0679764524102211,0.18592779338359833,0.05525921657681465,0.16921190917491913,NL-002
0.06410069018602371,0.18337789177894592,0.05841851979494095,0.17396053671836853,NL-002
0.062042899429798126,0.17921267449855804,0.05510428175330162,0.16904523968696594,NL-002
0.06141480430960655,0.17701974511146545,0.048852045089006424,0.15861596167087555,NL-002
0.05952451005578041,0.17332814633846283,0.05207131430506706,0.16478081047534943,NL-002
0.05729464814066887,0.1718677580356598,0.04888063296675682,0.15824581682682037,NL-002
0.060331325978040695,0.1730206161737442,0.05199666693806648,0.1654553860425949,NL-002
0.05701972544193268,0.17012950778007507,0.05631828308105469,0.16818395256996155,NL-002
0.05783628672361374,0.17091374099254608,0.05402371287345886,0.17270277440547943,NL-002
0.05701161175966263,0.1710302084684372,0.047936342656612396,0.1596498042345047,NL-002
0.057883039116859436,0.17104384303092957,0.04737189784646034,0.15573552250862122,NL-002
0.05531385540962219,0.16730421781539917,0.044872649013996124,0.1537608653306961,NL-002
0.054101355373859406,0.1657157689332962,0.05639947950839996,0.16677162051200867,NL-002
0.053528569638729095,0.16478553414344788,0.049393534660339355,0.1589951515197754,NL-002
0.054330017417669296,0.16723376512527466,0.05781779810786247,0.16814455389976501,NL-002
0.05400050804018974,0.1656092405319214,0.05087011307477951,0.15991246700286865,NL-002
0.053390052169561386,0.16516464948654175,0.0488688200712204,0.15905968844890594,NL-002
0.05351569876074791,0.16456849873065948,0.060173679143190384,0.1663624495267868,NL-002
0.05173281952738762,0.1621367186307907,0.05873606726527214,0.1682094782590866,NL-002
0.05291944369673729,0.16339752078056335,0.056927990168333054,0.16606126725673676,NL-002
0.22050896286964417,0.3347157835960388,0.11699292808771133,0.23854809999465942,NL-003
0.09633271396160126,0.22993557155132294,0.09384648501873016,0.21444164216518402,NL-003
0.08512302488088608,0.21492286026477814,0.08244983106851578,0.20085610449314117,NL-003
0.07972192764282227,0.20661137998104095,0.07327684015035629,0.1935407966375351,NL-003
0.07289424538612366,0.19812776148319244,0.07277176529169083,0.18896272778511047,NL-003
0.07266363501548767,0.19581592082977295,0.0766318142414093,0.18979233503341675,NL-003
0.07255061715841293,0.19612762331962585,0.07250721007585526,0.18645189702510834,NL-003
0.06940418481826782,0.19205942749977112,0.07136345654726028,0.18941666185855865,NL-003
0.069899782538414,0.1898067444562912,0.06616151332855225,0.1826946884393692,NL-003
0.06626639515161514,0.18529456853866577,0.0720716267824173,0.18590553104877472,NL-003
0.06367766857147217,0.182262122631073,0.07098554819822311,0.19191037118434906,NL-003
0.06509573757648468,0.18369384109973907,0.06811915338039398,0.1846098005771637,NL-003
0.0651615560054779,0.1839088797569275,0.07429145276546478,0.19269677996635437,NL-003
0.06236308813095093,0.18217632174491882,0.07156948745250702,0.1906377077102661,NL-003
0.06347067654132843,0.18045981228351593,0.06751909106969833,0.17887577414512634,NL-003
0.061198890209198,0.17853675782680511,0.068714439868927,0.179200679063797,NL-003
0.06324511766433716,0.18074467778205872,0.06762977689504623,0.18578758835792542,NL-003
0.265217125415802,0.3605770766735077,0.08663786947727203,0.22962474822998047,NL-004
0.08817557990550995,0.22035297751426697,0.06890759617090225,0.19554618000984192,NL-004
0.0809786319732666,0.20888285338878632,0.06567642837762833,0.19488884508609772,NL-004
0.0740799829363823,0.2004726082086563,0.06448538601398468,0.18480180203914642,NL-004
0.07203704863786697,0.195193350315094,0.06665508449077606,0.1987299919128418,NL-004
0.0706719383597374,0.19318681955337524,0.06644435971975327,0.1883765161037445,NL-004
0.0695958063006401,0.19059626758098602,0.061895888298749924,0.18638502061367035,NL-004
0.06791834533214569,0.1879604309797287,0.06502463668584824,0.1854819655418396,NL-004
0.06432991474866867,0.18354710936546326,0.0607537217438221,0.18326951563358307,NL-004
0.06423601508140564,0.1838379204273224,0.05967935919761658,0.17882949113845825,NL-004
0.06221013516187668,0.1817498654127121,0.06221746280789375,0.1904064565896988,NL-004
0.06182054430246353,0.1792353391647339,0.056987714022397995,0.17628128826618195,NL-004
0.06120843067765236,0.178947314620018,0.06077276170253754,0.18225623667240143,NL-004
0.062206875532865524,0.18091106414794922,0.06338350474834442,0.18801063299179077,NL-004
0.06022913008928299,0.17652882635593414,0.056930333375930786,0.1815965324640274,NL-004
0.059446364641189575,0.17567388713359833,0.06791986525058746,0.1926475465297699,NL-004
0.05816202983260155,0.1735651046037674,0.058688919991254807,0.1765836477279663,NL-004
0.05598001182079315,0.17165759205818176,0.06110258027911186,0.17698347568511963,NL-004
0.05822814628481865,0.17380784451961517,0.05873078107833862,0.1790526807308197,NL-004
0.05605234578251839,0.171148881316185,0.06161903589963913,0.19263942539691925,NL-004
0.05803831294178963,0.17384521663188934,0.060447726398706436,0.1836862415075302,NL-004
0.0562288761138916,0.1702672690153122,0.057932160794734955,0.18054154515266418,NL-004
0.05674080178141594,0.17079569399356842,0.06563650816679001,0.19177576899528503,NL-004
0.21864913403987885,0.33741623163223267,0.07744000852108002,0.20155131816864014,NL-005
0.09031585603952408,0.2231418639421463,0.07365904748439789,0.1966290920972824,NL-005
0.08359692990779877,0.21275508403778076,0.06796105206012726,0.19693779945373535,NL-005
0.07805552333593369,0.20655430853366852,0.061751071363687515,0.18221567571163177,NL-005
0.07458169013261795,0.1999300867319107,0.06685174256563187,0.19121241569519043,NL-005
0.0708785280585289,0.19535763561725616,0.06396112591028214,0.18043063580989838,NL-005
0.06837918609380722,0.1896677315235138,0.06419249624013901,0.1798580139875412,NL-005
0.0662912055850029,0.18857413530349731,0.058464936912059784,0.17718294262886047,NL-005
0.06361400336027145,0.18486985564231873,0.06490904092788696,0.18194934725761414,NL-005
0.0650002509355545,0.18721213936805725,0.06585673242807388,0.1800922155380249,NL-005
0.0650210827589035,0.18564748764038086,0.06063378229737282,0.17729918658733368,NL-005
0.061711929738521576,0.18067355453968048,0.05774105712771416,0.17864938080310822,NL-005
0.060478534549474716,0.17956916987895966,0.058786991983652115,0.17091843485832214,NL-005
0.06011136621236801,0.17919223010540009,0.06334033608436584,0.1830851137638092,NL-005
0.06230102479457855,0.1801096796989441,0.05937886983156204,0.18020616471767426,NL-005
0.06117741018533707,0.18106704950332642,0.05507092550396919,0.1653253585100174,NL-005
0.05965939536690712,0.17658433318138123,0.05789372697472572,0.17656992375850677,NL-005
0.06031598150730133,0.1771572232246399,0.06256313621997833,0.1789446622133255,NL-005
0.05913965776562691,0.17624562978744507,0.05685226246714592,0.17562654614448547,NL-005
0.0603763572871685,0.17842519283294678,0.057835716754198074,0.17632246017456055,NL-005
0.05727682262659073,0.1731848269701004,0.05784537270665169,0.17018280923366547,NL-005
0.05740189924836159,0.17411258816719055,0.05619709566235542,0.16975532472133636,NL-005
0.056366123259067535,0.17314264178276062,0.05980168655514717,0.17515257000923157,NL-005
0.05609665811061859,0.17274944484233856,0.05706639587879181,0.1738845854997635,NL-005
0.25980523228645325,0.369412362575531,0.07001173496246338,0.19941481947898865,NL-006
0.09963418543338776,0.23500391840934753,0.058231573551893234,0.17673863470554352,NL-006
0.0893283262848854,0.2197836935520172,0.06542933732271194,0.1916104108095169,NL-006
0.08098635077476501,0.2104005664587021,0.060444898903369904,0.17465506494045258,NL-006
0.07951315492391586,0.2037498652935028,0.054413530975580215,0.16831769049167633,NL-006
0.0743044912815094,0.20146729052066803,0.05856470391154289,0.17887969315052032,NL-006
0.07108396291732788,0.19494301080703735,0.05340885370969772,0.16557219624519348,NL-006
0.07002612203359604,0.1928805559873581,0.05403592064976692,0.16977669298648834,NL-006
0.07009097188711166,0.19219285249710083,0.0520276203751564,0.16430556774139404,NL-006
0.06710485368967056,0.1893850862979889,0.054050806909799576,0.16385036706924438,NL-006
0.06977098435163498,0.19111959636211395,0.05415336787700653,0.1711043119430542,NL-006
0.06689104437828064,0.18794481456279755,0.05209439620375633,0.1641846001148224,NL-006
0.06418406963348389,0.18441547453403473,0.05327378585934639,0.16183200478553772,NL-006
0.06349878758192062,0.1818966418504715,0.05177978798747063,0.16483183205127716,NL-006
0.06412839144468307,0.18310153484344482,0.05501280352473259,0.1684466153383255,NL-006
0.061875008046627045,0.17959286272525787,0.055748652666807175,0.1684640794992447,NL-006
0.06140263378620148,0.17836320400238037,0.05163232237100601,0.16479575634002686,NL-006
0.06179553270339966,0.17799465358257294,0.05006520450115204,0.16073870658874512,NL-006
0.06239103153347969,0.18027843534946442,0.053913433104753494,0.16758668422698975,NL-006
0.06008113548159599,0.17808033525943756,0.055455196648836136,0.17673233151435852,NL-006
0.062092192471027374,0.17907004058361053,0.05142267793416977,0.16231223940849304,NL-006
0.06015291064977646,0.17741762101650238,0.05265761539340019,0.1656288206577301,NL-006
0.05907302722334862,0.1755523979663849,0.05328458920121193,0.17254580557346344,NL-006
0.06117451563477516,0.17666345834732056,0.05295785143971443,0.16752277314662933,NL-006
0.05826215445995331,0.1734648048877716,0.05585551634430885,0.17997093498706818,NL-006
0.058628812432289124,0.1738593578338623,0.05399448424577713,0.1696086823940277,NL-006
0.22480657696723938,0.3336799144744873,0.07211329787969589,0.19641345739364624,NL-007
0.08788634091615677,0.21943064033985138,0.08097779005765915,0.19653040170669556,NL-007
0.0774848535656929,0.2031315714120865,0.0526575893163681,0.1665780246257782,NL-007
0.07239778339862823,0.19591693580150604,0.054304372519254684,0.17290961742401123,NL-007
0.06935277581214905,0.19165180623531342,0.05537869408726692,0.17291855812072754,NL-007
0.06432019174098969,0.18395809829235077,0.05571693927049637,0.17111936211585999,NL-007
0.06367450952529907,0.18193228542804718,0.05362289771437645,0.16449695825576782,NL-007
0.06161843612790108,0.17884935438632965,0.05283245071768761,0.16645938158035278,NL-007
0.06304094940423965,0.17875710129737854,0.05543860048055649,0.165487602353096,NL-007
0.06094829738140106,0.17633980512619019,0.05035026744008064,0.16314178705215454,NL-007
0.059487659484148026,0.17369601130485535,0.05528054013848305,0.1718689352273941,NL-007
0.061487361788749695,0.17580580711364746,0.05322137102484703,0.17041964828968048,NL-007
0.05966006591916084,0.17411918938159943,0.052553221583366394,0.1622210592031479,NL-007
0.05923585966229439,0.17179106175899506,0.050291758030653,0.1639266163110733,NL-007
0.05581334978342056,0.16845792531967163,0.05078186094760895,0.16316336393356323,NL-007
0.05597936734557152,0.16792035102844238,0.05121809244155884,0.15847869217395782,NL-007
0.056805938482284546,0.1691945642232895,0.05129041522741318,0.16701695322990417,NL-007
0.05383673682808876,0.16577675938606262,0.04892616346478462,0.15920577943325043,NL-007
0.057472679764032364,0.16843824088573456,0.05024690553545952,0.16120371222496033,NL-007
0.05403360724449158,0.16424934566020966,0.04977096617221832,0.16809844970703125,NL-007
0.05458895117044449,0.16471990942955017,0.04961594194173813,0.16154465079307556,NL-007
0.05470936372876167,0.16521939635276794,0.04985751584172249,0.16838611662387848,NL-007
0.051926273852586746,0.16003035008907318,0.04800876975059509,0.16024133563041687,NL-007
0.05210532620549202,0.1611856073141098,0.050603482872247696,0.1686832159757614,NL-007
0.05428662151098251,0.16285473108291626,0.05426923185586929,0.1728822886943817,NL-007
0.05329872667789459,0.16117069125175476,0.054594140499830246,0.18044599890708923,NL-007
0.05203910171985626,0.16011546552181244,0.051208097487688065,0.17361584305763245,NL-007
0.05104587599635124,0.15820205211639404,0.05840066075325012,0.18912284076213837,NL-007
0.05147305130958557,0.15864920616149902,0.05212031304836273,0.17039822041988373,NL-007
0.052204325795173645,0.15818354487419128,0.04994077980518341,0.1682618409395218,NL-007
0.05111660063266754,0.1585896760225296,0.05589338764548302,0.1850547045469284,NL-007
0.2635340690612793,0.36393842101097107,0.08764912933111191,0.20646081864833832,NL-008
0.09907045215368271,0.2274639755487442,0.05738995969295502,0.1744328886270523,NL-008
0.08150947093963623,0.20540378987789154,0.0571773499250412,0.1689561903476715,NL-008
0.0800594687461853,0.19975534081459045,0.07016786932945251,0.18231931328773499,NL-008
0.0740421861410141,0.19561158120632172,0.056583795696496964,0.16317641735076904,NL-008
0.07114871591329575,0.18780791759490967,0.051281556487083435,0.15927289426326752,NL-008
0.06798077374696732,0.18359552323818207,0.05404791235923767,0.1597660630941391,NL-008
0.06792045384645462,0.18335118889808655,0.053694017231464386,0.1662064641714096,NL-008
0.06640855222940445,0.181620791554451,0.05280574411153793,0.16534318029880524,NL-008
0.06339702010154724,0.17771026492118835,0.04896331578493118,0.15601755678653717,NL-008
0.06297027319669724,0.1753273606300354,0.057850856333971024,0.17100317776203156,NL-008
0.0640055239200592,0.17648303508758545,0.054024580866098404,0.1568973809480667,NL-008
0.06002939119935036,0.17389696836471558,0.04795467108488083,0.15010321140289307,NL-008
0.0585733987390995,0.17009475827217102,0.06745576858520508,0.1723797768354416,NL-008
0.06261958926916122,0.1746920496225357,0.04531484469771385,0.15213271975517273,NL-008
0.05978986620903015,0.1708243489265442,0.04456031695008278,0.1489580273628235,NL-008
0.060722820460796356,0.1708226054906845,0.04578665643930435,0.1518336832523346,NL-008
0.058854542672634125,0.16955208778381348,0.04906788095831871,0.16218453645706177,NL-008
0.05749072879552841,0.16826753318309784,0.04949250817298889,0.15904788672924042,NL-008
0.056530505418777466,0.16753056645393372,0.05461188778281212,0.16390353441238403,NL-008
0.05605343356728554,0.16655594110488892,0.049388445913791656,0.16067638993263245,NL-008
0.054171353578567505,0.16366158425807953,0.05445178970694542,0.16857875883579254,NL-008
0.055617980659008026,0.16430918872356415,0.049826111644506454,0.1550818383693695,NL-008
0.05557442083954811,0.16475312411785126,0.04611201211810112,0.15374261140823364,NL-008
0.24612164497375488,0.36590707302093506,0.07612066715955734,0.20034870505332947,NL-009
0.08905953168869019,0.22274988889694214,0.08065664768218994,0.20120590925216675,NL-009
0.07715403288602829,0.206953227519989,0.07060359418392181,0.18859101831912994,NL-009
0.07503771781921387,0.20345860719680786,0.08452804386615753,0.1968868225812912,NL-009
0.07252159714698792,0.19969595968723297,0.06421428173780441,0.1769285351037979,NL-009
0.06805289536714554,0.19309361279010773,0.07293722033500671,0.18194787204265594,NL-009
0.06676273792982101,0.1899588406085968,0.06283380091190338,0.17213930189609528,NL-009
0.06560404598712921,0.1891518235206604,0.06954743713140488,0.17817895114421844,NL-009
0.06381988525390625,0.18567214906215668,0.07036823034286499,0.18483228981494904,NL-009
0.0636473074555397,0.18718791007995605,0.06751997768878937,0.17850999534130096,NL-009
0.06505292654037476,0.1859390288591385,0.06646864116191864,0.1750645935535431,NL-009
0.06026053428649902,0.1819872409105301,0.05831592157483101,0.16906748712062836,NL-009
0.06015090271830559,0.17984245717525482,0.06142857298254967,0.16881583631038666,NL-009
0.0609184205532074,0.17987702786922455,0.06482552736997604,0.1761903166770935,NL-009
0.057848427444696426,0.17708605527877808,0.0656786859035492,0.18019834160804749,NL-009
0.05919229984283447,0.1780051738023758,0.05719577893614769,0.16745613515377045,NL-009
0.05847258120775223,0.17665092647075653,0.062458403408527374,0.17250104248523712,NL-009
0.0576472282409668,0.1758122444152832,0.06094972789287567,0.1719801276922226,NL-009
0.05664680153131485,0.17436552047729492,0.06420131772756577,0.17403267323970795,NL-009
0.056052614003419876,0.1738421767950058,0.05933227390050888,0.16811679303646088,NL-009
0.0567028746008873,0.1747884303331375,0.05724140629172325,0.16645458340644836,NL-009
0.05605250597000122,0.1716429889202118,0.05895058065652847,0.16739872097969055,NL-009
0.05522489920258522,0.1712491363286972,0.05925946310162544,0.16935010254383087,NL-009
0.054213955998420715,0.1711919903755188,0.060300882905721664,0.17100006341934204,NL-009
0.28250062465667725,0.36893996596336365,0.0941239446401596,0.22079628705978394,NL-010
0.0886993557214737,0.21749450266361237,0.07823290675878525,0.19683493673801422,NL-010
0.07863246649503708,0.2021632343530655,0.06435763835906982,0.17673705518245697,NL-010
0.07078767567873001,0.1910364031791687,0.07182750850915909,0.18571919202804565,NL-010
0.06797195225954056,0.18721015751361847,0.07800140976905823,0.19285324215888977,NL-010
0.06780281662940979,0.1851634681224823,0.0624576173722744,0.17291679978370667,NL-010
0.06464458256959915,0.1818360537290573,0.06789624691009521,0.1800066977739334,NL-010
0.06363748759031296,0.17909005284309387,0.06632208079099655,0.1768808811903,NL-010
0.061748433858156204,0.1751547008752823,0.061628539115190506,0.17336717247962952,NL-010
0.06014915555715561,0.1735694259405136,0.060194145888090134,0.1698114275932312,NL-010
0.0571594312787056,0.16971348226070404,0.06297069042921066,0.1728847622871399,NL-010
0.05916474387049675,0.1716112345457077,0.06324321776628494,0.17328877747058868,NL-010
0.059456855058670044,0.1707533746957779,0.0687887892127037,0.1786041259765625,NL-010
0.058520544320344925,0.16925938427448273,0.05814502760767937,0.16823768615722656,NL-010
0.05637733265757561,0.16637924313545227,0.06036416441202164,0.17313851416110992,NL-010
0.056286927312612534,0.1670934110879898,0.06441013514995575,0.17800453305244446,NL-010
0.057554177939891815,0.16748397052288055,0.061838895082473755,0.17803315818309784,NL-010
0.05415608361363411,0.16350574791431427,0.05965898558497429,0.17398686707019806,NL-010
0.05402161553502083,0.16310115158557892,0.06130872666835785,0.17314283549785614,NL-010
0.05231191962957382,0.16063708066940308,0.06412339955568314,0.1711197793483734,NL-010
0.05404585599899292,0.1615520715713501,0.06255754083395004,0.1742689609527588,NL-010
0.05315781757235527,0.1607998013496399,0.06402668356895447,0.18568697571754456,NL-010
0.26240676641464233,0.3684912621974945,0.10606067627668381,0.2263024002313614,NL-011
0.09235827624797821,0.21985960006713867,0.06681720912456512,0.17989403009414673,NL-011
0.07996615022420883,0.20418909192085266,0.06461857259273529,0.17446014285087585,NL-011
0.07015968859195709,0.19228076934814453,0.05871577933430672,0.16170528531074524,NL-011
0.07239678502082825,0.1901455670595169,0.05511800944805145,0.16279511153697968,NL-011
0.06276708841323853,0.18005622923374176,0.05857226625084877,0.16423827409744263,NL-011
0.06387045234441757,0.18040359020233154,0.058036208152770996,0.1581186056137085,NL-011
0.06300047785043716,0.1784479171037674,0.05729743093252182,0.16476473212242126,NL-011
0.06078992038965225,0.17354831099510193,0.053402528166770935,0.15472227334976196,NL-011
0.058985479176044464,0.17115876078605652,0.054790936410427094,0.15493115782737732,NL-011
0.05805283784866333,0.17202959954738617,0.05734105035662651,0.15830740332603455,NL-011
0.05966588854789734,0.17204418778419495,0.052053920924663544,0.15380129218101501,NL-011
0.05798779055476189,0.16972990334033966,0.06831421703100204,0.17366385459899902,NL-011
0.057609040290117264,0.16735106706619263,0.05192161723971367,0.1559857726097107,NL-011
0.057131681591272354,0.1678016036748886,0.05376346409320831,0.15352147817611694,NL-011
0.054679952561855316,0.16288405656814575,0.05777312070131302,0.15829306840896606,NL-011
0.055465832352638245,0.165215864777565,0.050041548907756805,0.15365341305732727,NL-011
0.05280345305800438,0.16078300774097443,0.052995190024375916,0.15684176981449127,NL-011
0.053819943219423294,0.16268163919448853,0.05137241631746292,0.15148736536502838,NL-011
0.05487334728240967,0.16337233781814575,0.05719026178121567,0.16218991577625275,NL-011
0.05326599255204201,0.16097833216190338,0.060670606791973114,0.16563375294208527,NL-011
0.05304093286395073,0.16104315221309662,0.0465460866689682,0.14523302018642426,NL-011
0.052213381975889206,0.1596640944480896,0.051255207508802414,0.15189708769321442,NL-011
0.05092746391892433,0.1577046662569046,0.05149757117033005,0.15344703197479248,NL-011
0.04942433908581734,0.15551334619522095,0.05713419243693352,0.16379936039447784,NL-011
0.04966244846582413,0.1559571623802185,0.05077952891588211,0.15266597270965576,NL-011
0.05077478289604187,0.1564643681049347,0.050417784601449966,0.15320003032684326,NL-011
0.04981662705540657,0.15588046610355377,0.05252397432923317,0.15529218316078186,NL-011
0.04915853962302208,0.15447604656219482,0.0528736338019371,0.15856339037418365,NL-011
0.049361199140548706,0.15596655011177063,0.05105641484260559,0.15656781196594238,NL-011
0.2346726506948471,0.35442233085632324,0.08232395350933075,0.211631640791893,NL-012
0.08955929428339005,0.22272275388240814,0.0611962229013443,0.1812017858028412,NL-012
0.08279433101415634,0.21222826838493347,0.0623415932059288,0.1833704560995102,NL-012
0.0786154642701149,0.2052198052406311,0.057601600885391235,0.1779911071062088,NL-012
0.07312436401844025,0.19718919694423676,0.054289188235998154,0.16960515081882477,NL-012
0.0698152631521225,0.19420155882835388,0.05431438609957695,0.17389005422592163,NL-012
0.06873369216918945,0.19080951809883118,0.053464289754629135,0.1695353239774704,NL-012
0.06784993410110474,0.1897728145122528,0.05540374666452408,0.17292560636997223,NL-012
0.06815527379512787,0.1893245130777359,0.059815663844347,0.17895130813121796,NL-012
0.065341517329216,0.18537579476833344,0.0472598597407341,0.15730418264865875,NL-012
0.06357692927122116,0.18212708830833435,0.05145469680428505,0.16444805264472961,NL-012
0.06388682872056961,0.18113461136817932,0.0504385381937027,0.16240787506103516,NL-012
0.0627935379743576,0.1810111105442047,0.056338120251894,0.17277845740318298,NL-012
0.06154309958219528,0.17946456372737885,0.05578870326280594,0.17106159031391144,NL-012
0.060599468648433685,0.17741304636001587,0.05495673045516014,0.17049454152584076,NL-012
0.06141962110996246,0.17919756472110748,0.05213658884167671,0.16815292835235596,NL-012
0.05976460501551628,0.17645247280597687,0.05430767312645912,0.16897058486938477,NL-012
0.06056922301650047,0.17674672603607178,0.04964602366089821,0.16242124140262604,NL-012
0.26923874020576477,0.36599934101104736,0.07388011366128922,0.20284497737884521,NL-013
0.09208568185567856,0.22363710403442383,0.06476808339357376,0.19069747626781464,NL-013
0.08171001821756363,0.20967212319374084,0.06159920245409012,0.18270623683929443,NL-013
0.07922540605068207,0.20539385080337524,0.053640689700841904,0.17003199458122253,NL-013
0.07102223485708237,0.19337071478366852,0.0629023015499115,0.1822911500930786,NL-013
0.06860522925853729,0.19152800738811493,0.05369645357131958,0.17288565635681152,NL-013
0.06686785817146301,0.18899495899677277,0.06207169219851494,0.18309976160526276,NL-013
0.06742066144943237,0.18641988933086395,0.05307178571820259,0.169619619846344,NL-013
0.06618252396583557,0.1864926964044571,0.06275893747806549,0.1815481334924698,NL-013
0.06691855937242508,0.18619777262210846,0.057753562927246094,0.17764316499233246,NL-013
0.06354065984487534,0.17993827164173126,0.055262062698602676,0.17589224874973297,NL-013
0.062304701656103134,0.1808066964149475,0.049543142318725586,0.1620902270078659,NL-013
0.062075886875391006,0.17889560759067535,0.05261162295937538,0.1674095094203949,NL-013
0.06321365386247635,0.18122261762619019,0.05681150034070015,0.176258847117424,NL-013
0.06027757748961449,0.17639058828353882,0.048643797636032104,0.16020901501178741,NL-013
0.059528280049562454,0.17414100468158722,0.05367151275277138,0.1738223284482956,NL-013
0.05981627106666565,0.17521709203720093,0.054164305329322815,0.17275434732437134,NL-013
0.05848943814635277,0.17403455078601837,0.05622390657663345,0.17721568048000336,NL-013
0.057263199239969254,0.17184889316558838,0.052793070673942566,0.16422471404075623,NL-013
0.057965971529483795,0.1722896248102188,0.05968829244375229,0.17792439460754395,NL-013
0.057120975106954575,0.171050027012825,0.05204109847545624,0.16768227517604828,NL-013
0.05767837166786194,0.170143723487854,0.05635109543800354,0.17506830394268036,NL-013
0.05744434893131256,0.17047950625419617,0.059265103191137314,0.18666037917137146,NL-013
0.24298220872879028,0.34804993867874146,0.0647064819931984,0.1867048591375351,NL-014
0.08796059340238571,0.21474111080169678,0.053636014461517334,0.16988249123096466,NL-014
0.07684485614299774,0.1968970000743866,0.05028115212917328,0.16506415605545044,NL-014
0.07052383571863174,0.18907678127288818,0.048530641943216324,0.15783339738845825,NL-014
0.06906608492136002,0.18439963459968567,0.05154358968138695,0.1639680117368698,NL-014
0.06782019883394241,0.18328377604484558,0.05226508155465126,0.1662863790988922,NL-014
0.06300745159387589,0.17664657533168793,0.04607338458299637,0.15296193957328796,NL-014
0.05984485149383545,0.16979475319385529,0.05013660341501236,0.1575428694486618,NL-014
0.05957920104265213,0.16999594867229462,0.0447271354496479,0.1517399251461029,NL-014
0.05917369946837425,0.16894111037254333,0.04815039783716202,0.15904822945594788,NL-014
0.05919289216399193,0.16855238378047943,0.049667391926050186,0.156111478805542,NL-014
0.05839018523693085,0.16692909598350525,0.04682733491063118,0.15185992419719696,NL-014
0.05659031867980957,0.1647055298089981,0.04926037788391113,0.1600780189037323,NL-014
0.055460359901189804,0.16317756474018097,0.04561464488506317,0.14980435371398926,NL-014
0.05694155395030975,0.164544939994812,0.05036003142595291,0.1565205603837967,NL-014
0.05313864350318909,0.16032782196998596,0.04711833968758583,0.15407077968120575,NL-014
0.05429506674408913,0.16053827106952667,0.051064781844615936,0.16615334153175354,NL-014
0.26133841276168823,0.372746080160141,0.09028562903404236,0.23090094327926636,NL-015
0.10404133051633835,0.2372324913740158,0.0704173818230629,0.20334838330745697,NL-015
0.08675128221511841,0.21773579716682434,0.06488203257322311,0.1910637468099594,NL-015
0.07867986708879471,0.20643267035484314,0.061531271785497665,0.1849941909313202,NL-015
0.07196290791034698,0.19810113310813904,0.06460784375667572,0.18458746373653412,NL-015
0.07510457187891006,0.1999877393245697,0.07316026091575623,0.20247523486614227,NL-015
0.07309962064027786,0.19734103977680206,0.05717124789953232,0.1776273399591446,NL-015
0.0682809129357338,0.1903110295534134,0.06440378725528717,0.18374627828598022,NL-015
0.06572751700878143,0.1875935196876526,0.05355191230773926,0.1712140142917633,NL-015
0.06865712255239487,0.1903911978006363,0.058949097990989685,0.18640919029712677,NL-015
0.06725412607192993,0.18796469271183014,0.06228179857134819,0.1841631531715393,NL-015
0.06428717076778412,0.18478773534297943,0.054829854518175125,0.1719001978635788,NL-015
0.06190503388643265,0.18392010033130646,0.059976302087306976,0.18040437996387482,NL-015
0.06277263164520264,0.18329854309558868,0.059465840458869934,0.17913174629211426,NL-015
0.06481961160898209,0.18436715006828308,0.06635426729917526,0.1839742213487625,NL-015
0.06391441076993942,0.18319515883922577,0.05460631474852562,0.17034479975700378,NL-015
0.06130346655845642,0.18040980398654938,0.055484838783741,0.17740388214588165,NL-015
0.25072962045669556,0.35936668515205383,0.08582188934087753,0.2084793597459793,NL-016
0.08951421082019806,0.2211843729019165,0.07948832213878632,0.20369915664196014,NL-016
0.07617802917957306,0.20316149294376373,0.06641411781311035,0.1866304576396942,NL-016
0.07046366482973099,0.1926337331533432,0.06615281105041504,0.1792694330215454,NL-016
0.06889154762029648,0.190763458609581,0.06908825039863586,0.18738925457000732,NL-016
0.06521874666213989,0.1849040687084198,0.06086079776287079,0.1803823560476303,NL-016
0.06392548233270645,0.18218694627285004,0.05989206209778786,0.1783815622329712,NL-016
0.06011705845594406,0.17713457345962524,0.05918627977371216,0.17487472295761108,NL-016
0.060632240027189255,0.17615556716918945,0.05818593129515648,0.16662512719631195,NL-016
0.060672834515571594,0.17709456384181976,0.06314179301261902,0.17807698249816895,NL-016
0.05854847654700279,0.17406100034713745,0.059905972331762314,0.17306001484394073,NL-016
0.057510025799274445,0.172453373670578,0.05516817048192024,0.16838744282722473,NL-016
0.056530553847551346,0.1717621237039566,0.06162349879741669,0.17668144404888153,NL-016
0.05650385469198227,0.17081494629383087,0.057032521814107895,0.16834522783756256,NL-016
0.054094236344099045,0.1673862785100937,0.058002572506666183,0.17567580938339233,NL-016
0.05463608726859093,0.16755707561969757,0.0541498064994812,0.16551588475704193,NL-016
0.053412213921546936,0.16569100320339203,0.053788915276527405,0.16804586350917816,NL-016
0.054367803037166595,0.16661019623279572,0.0525020994246006,0.1619139164686203,NL-016
0.0535624697804451,0.16523979604244232,0.05632457882165909,0.16511064767837524,NL-016
0.0517672523856163,0.16239841282367706,0.054560866206884384,0.167790949344635,NL-016
0.05349906533956528,0.1661073863506317,0.05533125624060631,0.16747552156448364,NL-016
0.05194489285349846,0.16268368065357208,0.058187469840049744,0.17092923820018768,NL-016
0.05203881487250328,0.1639927327632904,0.053430091589689255,0.16068139672279358,NL-016
0.05184789374470711,0.16183507442474365,0.05384201556444168,0.16091910004615784,NL-016
0.050107743591070175,0.16065852344036102,0.052725739777088165,0.16601622104644775,NL-016
0.05027948319911957,0.1606850028038025,0.05269172415137291,0.1625053882598877,NL-016
0.2508678436279297,0.3516770005226135,0.06211235374212265,0.18528564274311066,NL-017
0.09402555972337723,0.22213055193424225,0.08244892954826355,0.19975866377353668,NL-017
0.07949541509151459,0.2026616334915161,0.06898661702871323,0.18682724237442017,NL-017
0.07853338867425919,0.19823786616325378,0.04590804874897003,0.15699034929275513,NL-017
0.06861944496631622,0.19038867950439453,0.04684387147426605,0.15556149184703827,NL-017
0.06567078828811646,0.1849399209022522,0.04447096958756447,0.1526627093553543,NL-017
0.07071153074502945,0.18664096295833588,0.04546016827225685,0.15311592817306519,NL-017
0.061033908277750015,0.1768397092819214,0.046688057482242584,0.1576714813709259,NL-017
0.058048706501722336,0.1743544042110443,0.043638214468955994,0.15275681018829346,NL-017
0.05824972316622734,0.17310836911201477,0.04550321400165558,0.1555895060300827,NL-017
0.06161530315876007,0.17628701031208038,0.04325557500123978,0.14860251545906067,NL-017
0.05405762791633606,0.16511321067810059,0.04502517729997635,0.15426687896251678,NL-017
0.05989085137844086,0.1728557050228119,0.04665818065404892,0.15555442869663239,NL-017
0.05476997047662735,0.1657618284225464,0.046832375228405,0.1607993245124817,NL-017
0.05480271577835083,0.16659431159496307,0.041815076023340225,0.14537708461284637,NL-017
0.05368907377123833,0.16403703391551971,0.04999679699540138,0.16643023490905762,NL-017
0.05337177962064743,0.16347858309745789,0.0450623519718647,0.15971148014068604,NL-017
0.05232779681682587,0.16240772604942322,0.04513838142156601,0.15734033286571503,NL-017
0.05190213397145271,0.16034561395645142,0.04702727496623993,0.16832372546195984,NL-017
0.052017129957675934,0.1597623974084854,0.047508373856544495,0.16881562769412994,NL-017
0.05059013143181801,0.15785162150859833,0.041350107640028,0.1499653160572052,NL-017
0.050725385546684265,0.15938837826251984,0.03987368568778038,0.1459006518125534,NL-017
0.05203972011804581,0.15961845219135284,0.04229217395186424,0.1517711728811264,NL-017
0.04954438656568527,0.15607130527496338,0.04262293502688408,0.15550409257411957,NL-017
0.04886903613805771,0.15570344030857086,0.044704705476760864,0.15973149240016937,NL-017
0.04910234361886978,0.15579994022846222,0.04240681976079941,0.15363284945487976,NL-017
0.04846220463514328,0.15461856126785278,0.04996052011847496,0.1729087084531784,NL-017
0.04903637245297432,0.1565483957529068,0.04722023382782936,0.16488765180110931,NL-017
0.046904999762773514,0.15294180810451508,0.05175307020545006,0.17714671790599823,NL-017
0.04836273193359375,0.15441560745239258,0.04650704562664032,0.16825279593467712,NL-017
0.2265244722366333,0.34530213475227356,0.08552339673042297,0.2149830013513565,NL-018
0.09957922995090485,0.2338484525680542,0.07913670688867569,0.20325756072998047,NL-018
0.08340782672166824,0.21531522274017334,0.05830641835927963,0.1775428056716919,NL-018
0.07725846767425537,0.2036602944135666,0.05571858212351799,0.17478331923484802,NL-018
0.07341446727514267,0.1985929012298584,0.05745161697268486,0.1757056564092636,NL-018
0.06873319298028946,0.19138579070568085,0.05499331280589104,0.16592788696289062,NL-018
0.0664028748869896,0.186786949634552,0.05471176654100418,0.16605088114738464,NL-018
0.06657330691814423,0.1858038604259491,0.0577525720000267,0.17080377042293549,NL-018
0.06336789578199387,0.18250352144241333,0.05255543813109398,0.1651737540960312,NL-018
0.06397201120853424,0.18262828886508942,0.051554061472415924,0.1634812355041504,NL-018
0.06324323266744614,0.1805066615343094,0.05081043392419815,0.1603095531463623,NL-018
0.060567885637283325,0.17749199271202087,0.05107806622982025,0.16224811971187592,NL-018
0.06144765019416809,0.1785474419593811,0.049158744513988495,0.16001315414905548,NL-018
0.059352174401283264,0.17399807274341583,0.05283198133111,0.16450248658657074,NL-018
0.059624817222356796,0.17541028559207916,0.059168532490730286,0.1712820678949356,NL-018
0.05633062869310379,0.17089855670928955,0.05441585183143616,0.1679077297449112,NL-018
0.05780644342303276,0.17181944847106934,0.0503414012491703,0.15793479979038239,NL-018
0.056774988770484924,0.17189130187034607,0.05242898687720299,0.1680876463651657,NL-018
0.05689435452222824,0.17048680782318115,0.053789157420396805,0.16889707744121552,NL-018
0.05588498339056969,0.16846980154514313,0.050863273441791534,0.1621086150407791,NL-018
0.056641578674316406,0.16959775984287262,0.05155658349394798,0.16191565990447998,NL-018
0.24650046229362488,0.35979583859443665,0.09064913541078568,0.21550343930721283,NL-019
0.09401769191026688,0.22897228598594666,0.07510309666395187,0.2060398906469345,NL-019
0.08484821021556854,0.21608556807041168,0.07594618201255798,0.19840465486049652,NL-019
0.07791990041732788,0.2049797624349594,0.06664629280567169,0.1848020851612091,NL-019
0.07375501096248627,0.20019537210464478,0.07221326231956482,0.19460494816303253,NL-019
0.07128646969795227,0.19459696114063263,0.0643235519528389,0.18374210596084595,NL-019
0.06946378946304321,0.1928219348192215,0.06216806545853615,0.1805759221315384,NL-019
0.06781338155269623,0.19064363837242126,0.0629776269197464,0.17951615154743195,NL-019
0.06797102093696594,0.18864673376083374,0.0601591095328331,0.17655052244663239,NL-019
0.06836415082216263,0.18786728382110596,0.06587165594100952,0.1829276829957962,NL-019
0.06373134255409241,0.18284134566783905,0.06325685232877731,0.18190240859985352,NL-019
0.06355227530002594,0.1816575676202774,0.062284715473651886,0.17726612091064453,NL-019
0.06140142306685448,0.1789436787366867,0.06768207252025604,0.18047694861888885,NL-019
0.06169930100440979,0.17896653711795807,0.06797538697719574,0.18055158853530884,NL-019
0.06200603395700455,0.17942941188812256,0.06643394380807877,0.18352697789669037,NL-019
0.061522532254457474,0.17772062122821808,0.06232878938317299,0.17862676084041595,NL-019
0.05960267409682274,0.17529208958148956,0.06271879374980927,0.1783832311630249,NL-019
0.27185001969337463,0.3585413694381714,0.06387481838464737,0.17884477972984314,NL-020
0.09520325809717178,0.22506462037563324,0.06457744538784027,0.17698869109153748,NL-020
0.07996562123298645,0.20334675908088684,0.05009084194898605,0.1512802541255951,NL-020
0.0714724212884903,0.19191418588161469,0.06290347129106522,0.17523862421512604,NL-020
0.07269486039876938,0.1918974071741104,0.05089135840535164,0.15898360311985016,NL-020
0.06788384914398193,0.18538841605186462,0.04930398613214493,0.15666119754314423,NL-020
0.06667765229940414,0.18314342200756073,0.05230619013309479,0.15466222167015076,NL-020
0.06419694423675537,0.1784866899251938,0.050679925829172134,0.15284112095832825,NL-020
0.060390405356884,0.17450715601444244,0.0473981648683548,0.1538444310426712,NL-020
0.06197496876120567,0.1742761731147766,0.04669442027807236,0.14367015659809113,NL-020
0.057564880698919296,0.16888077557086945,0.04921763390302658,0.15238256752490997,NL-020
0.06027744337916374,0.17252029478549957,0.04774998128414154,0.1448121815919876,NL-020
0.05908416956663132,0.16994979977607727,0.05186731740832329,0.15901713073253632,NL-020
0.05847752094268799,0.16827404499053955,0.0472903698682785,0.14530330896377563,NL-020
0.054982297122478485,0.16556429862976074,0.04663294926285744,0.14805355668067932,NL-020
0.05491349846124649,0.16443829238414764,0.05666251853108406,0.159905806183815,NL-020
0.05537325143814087,0.16579829156398773,0.04525590315461159,0.14359410107135773,NL-020
0.054421316832304,0.163280189037323,0.04587915912270546,0.15016016364097595,NL-020
0.05328697711229324,0.16073691844940186,0.04894150048494339,0.15650704503059387,NL-020
0.051323115825653076,0.15762221813201904,0.056157149374485016,0.16194580495357513,NL-020
0.052605241537094116,0.1606288105249405,0.04956987127661705,0.15396644175052643,NL-020
0.05263303220272064,0.16065049171447754,0.05369880050420761,0.16826963424682617,NL-020
0.05294627323746681,0.15957310795783997,0.04845887050032616,0.162004292011261,NL-020
0.05072065442800522,0.15733563899993896,0.05079219117760658,0.16785770654678345,NL-020
0.05122832581400871,0.15773053467273712,0.04740535095334053,0.15493662655353546,NL-020
0.2609112858772278,0.3611535131931305,0.0696491077542305,0.18917153775691986,NL-021
0.09204617142677307,0.22367501258850098,0.05639856308698654,0.16984520852565765,NL-021
0.07867415994405746,0.20517051219940186,0.05392666533589363,0.16998672485351562,NL-021
0.07348746061325073,0.1978777050971985,0.04998526722192764,0.16482053697109222,NL-021
0.06880034506320953,0.18977876007556915,0.049599263817071915,0.15852300822734833,NL-021
0.06813658028841019,0.18872953951358795,0.04788295552134514,0.16066496074199677,NL-021
0.06465401500463486,0.183693528175354,0.05319130793213844,0.16599921882152557,NL-021
0.06429470330476761,0.18339987099170685,0.05220029875636101,0.16409718990325928,NL-021
0.06362881511449814,0.18303868174552917,0.04721429944038391,0.15399764478206635,NL-021
0.060794759541749954,0.1787727028131485,0.05235683172941208,0.164839506149292,NL-021
0.059939946979284286,0.17623324692249298,0.05242647975683212,0.16455508768558502,NL-021
0.06158130243420601,0.1783328652381897,0.05048687011003494,0.1578025072813034,NL-021
0.05730028077960014,0.1719825267791748,0.04880945011973381,0.15847396850585938,NL-021
0.057837605476379395,0.1726994514465332,0.04886160045862198,0.15940368175506592,NL-021
0.05758371949195862,0.172652930021286,0.05066898092627525,0.16359451413154602,NL-021
0.056186430156230927,0.17093487083911896,0.04988079518079758,0.16205324232578278,NL-021
0.057375334203243256,0.16995032131671906,0.05544508621096611,0.1682991236448288,NL-021
0.2560596168041229,0.3572603762149811,0.10410360246896744,0.21790306270122528,NL-022
0.08657905459403992,0.21726632118225098,0.062455061823129654,0.1778750717639923,NL-022
0.07602474838495255,0.19910703599452972,0.061234161257743835,0.17746089398860931,NL-022
0.07289077341556549,0.19467106461524963,0.05569218471646309,0.1645338088274002,NL-022
0.06855829060077667,0.18700219690799713,0.0553482361137867,0.16562435030937195,NL-022
0.06729952245950699,0.18529905378818512,0.0529773123562336,0.16278545558452606,NL-022
0.06459885090589523,0.1799900233745575,0.05840285122394562,0.17532654106616974,NL-022
0.06394226849079132,0.18002016842365265,0.050293926149606705,0.15637053549289703,NL-022
0.0597621314227581,0.1726832240819931,0.05161377787590027,0.16204780340194702,NL-022
0.05830938369035721,0.17156612873077393,0.05980369448661804,0.17625777423381805,NL-022
0.058977145701646805,0.17170855402946472,0.05812929570674896,0.1644987016916275,NL-022
0.057167090475559235,0.17013795673847198,0.05430673062801361,0.1592794805765152,NL-022
0.05739579349756241,0.16962961852550507,0.051849279552698135,0.16019396483898163,NL-022
0.056237414479255676,0.16762498021125793,0.05246342346072197,0.15954384207725525,NL-022
0.05655347928404808,0.1674434095621109,0.04872163385152817,0.15742196142673492,NL-022
0.05479428544640541,0.16584743559360504,0.051410168409347534,0.15814851224422455,NL-022
0.05304175242781639,0.162578284740448,0.05507075786590576,0.1597776561975479,NL-022
0.05409194901585579,0.16234980523586273,0.05303378775715828,0.1643713116645813,NL-022
0.055167969316244125,0.16284482181072235,0.0546339750289917,0.15518240630626678,NL-022
0.05312945693731308,0.16071899235248566,0.055160026997327805,0.16085892915725708,NL-022
0.051608383655548096,0.1593211591243744,0.05665617808699608,0.16452480852603912,NL-022
0.05041860416531563,0.15714210271835327,0.056159984320402145,0.16378244757652283,NL-022
0.05200633406639099,0.15715043246746063,0.05513282120227814,0.15781940519809723,NL-022
0.2602812945842743,0.3571743071079254,0.07955311983823776,0.20642831921577454,NL-023
0.08891644328832626,0.22042439877986908,0.0710991770029068,0.18167035281658173,NL-023
0.08266542106866837,0.21015223860740662,0.051966361701488495,0.15905284881591797,NL-023
0.07437273859977722,0.1983330398797989,0.055887434631586075,0.16595084965229034,NL-023
0.07132424414157867,0.1934051364660263,0.054759539663791656,0.16585403680801392,NL-023
0.0659576952457428,0.18357543647289276,0.05515095219016075,0.16733373701572418,NL-023
0.0678737536072731,0.18673063814640045,0.05311702936887741,0.16621389985084534,NL-023
0.06520560383796692,0.1840495616197586,0.052886467427015305,0.16385053098201752,NL-023
0.06291697174310684,0.1801759898662567,0.052548639476299286,0.1636088639497757,NL-023
0.06145603954792023,0.17731104791164398,0.05589578300714493,0.16563808917999268,NL-023
0.059437405318021774,0.17618444561958313,0.05577579513192177,0.1694861501455307,NL-023
0.2417685091495514,0.35035550594329834,0.09252488613128662,0.21585139632225037,NL-024
0.09092354774475098,0.2214488387107849,0.06328058242797852,0.17601826786994934,NL-024
0.08250097185373306,0.20852018892765045,0.06230848282575607,0.16879525780677795,NL-024
0.07750348001718521,0.2014048993587494,0.05904266610741615,0.16819897294044495,NL-024
0.0752573311328888,0.1967288702726364,0.056325506418943405,0.17073607444763184,NL-024
0.07307776808738708,0.19371384382247925,0.07021082937717438,0.18435432016849518,NL-024
0.06700582057237625,0.1868162751197815,0.053316496312618256,0.15736286342144012,NL-024
0.06525114923715591,0.1835068166255951,0.06149393320083618,0.16782934963703156,NL-024
0.06275547295808792,0.17945244908332825,0.051564957946538925,0.1539890170097351,NL-024
0.06466540694236755,0.18017375469207764,0.05611242726445198,0.16499000787734985,NL-024
0.06469058245420456,0.18038371205329895,0.055644769221544266,0.1635104864835739,NL-024
0.059863027185201645,0.1730317920446396,0.054970815777778625,0.16453711688518524,NL-024
0.06131821870803833,0.17733272910118103,0.06065032258629799,0.1716214269399643,NL-024
0.0581396259367466,0.17065754532814026,0.05884070321917534,0.16682808101177216,NL-024
0.05650700628757477,0.16877467930316925,0.06206208094954491,0.17155721783638,NL-024
0.05904654413461685,0.17293009161949158,0.051062386482954025,0.15883700549602509,NL-024
0.05877665430307388,0.17038410902023315,0.053676050156354904,0.16450907289981842,NL-024
0.058494750410318375,0.16936616599559784,0.05770319700241089,0.16823232173919678,NL-024
0.05630241334438324,0.1674802601337433,0.05182788148522377,0.1574983447790146,NL-024
0.05641164630651474,0.16760024428367615,0.055448636412620544,0.1641272008419037,NL-024
0.054070934653282166,0.16290146112442017,0.05348384380340576,0.16395187377929688,NL-024
0.0544610358774662,0.16501037776470184,0.053061794489622116,0.16316933929920197,NL-024
0.05540083721280098,0.16684971749782562,0.05604875087738037,0.16814909875392914,NL-024
0.05553828179836273,0.16575221717357635,0.052546143531799316,0.16309094429016113,NL-024
0.28790944814682007,0.3699102997779846,0.06698265671730042,0.19496162235736847,NL-025
0.08928938210010529,0.21725428104400635,0.06098112463951111,0.18128834664821625,NL-025
0.07859096676111221,0.20097237825393677,0.06899898499250412,0.18609315156936646,NL-025
0.07339929789304733,0.19441983103752136,0.0504179447889328,0.16399860382080078,NL-025
0.06790407747030258,0.1845284402370453,0.05813261494040489,0.17548158764839172,NL-025
0.06628912687301636,0.18364039063453674,0.06022346764802933,0.17752677202224731,NL-025
0.06368768215179443,0.1786196082830429,0.05063473433256149,0.16126476228237152,NL-025
0.062008459120988846,0.17580761015415192,0.04917335882782936,0.16280904412269592,NL-025
0.060641463845968246,0.17449231445789337,0.04957617446780205,0.16097435355186462,NL-025
0.05772654339671135,0.17026592791080475,0.04995497688651085,0.16037988662719727,NL-025
0.058276593685150146,0.17037633061408997,0.05109679698944092,0.16376176476478577,NL-025
0.05898561701178551,0.169719398021698,0.0522281639277935,0.16342642903327942,NL-025
0.05712033435702324,0.16699689626693726,0.05005788430571556,0.16320662200450897,NL-025
0.05721980705857277,0.16695600748062134,0.048404522240161896,0.15552957355976105,NL-025
0.05492180958390236,0.16361062228679657,0.05420483276247978,0.16572290658950806,NL-025
0.05375603213906288,0.16066668927669525,0.04883558675646782,0.16087299585342407,NL-025
0.052607402205467224,0.16147272288799286,0.04659697413444519,0.15223513543605804,NL-025
0.0543268583714962,0.16215762495994568,0.04832823574542999,0.1583687961101532,NL-025
0.05445904657244682,0.16252686083316803,0.05077613517642021,0.15562036633491516,NL-025
0.0542767159640789,0.1606234759092331,0.04905134439468384,0.1553434580564499,NL-025
0.051669035106897354,0.15744957327842712,0.04602859541773796,0.15390460193157196,NL-025
0.052168235182762146,0.15888087451457977,0.05197998136281967,0.16606520116329193,NL-025
0.05165586248040199,0.15735900402069092,0.049474745988845825,0.15869569778442383,NL-025
0.053825367242097855,0.15780527889728546,0.05062754824757576,0.15760023891925812,NL-025
0.050984226167201996,0.15576714277267456,0.045869018882513046,0.15011033415794373,NL-025
0.05056234449148178,0.15433445572853088,0.04755622148513794,0.15786682069301605,NL-025
0.050181761384010315,0.1531989723443985,0.047995615750551224,0.1553744077682495,NL-025
0.0493592731654644,0.15420375764369965,0.047300707548856735,0.15101370215415955,NL-025
0.048624780029058456,0.15240564942359924,0.052418794482946396,0.1684059500694275,NL-025
0.04884687066078186,0.15228134393692017,0.05495152994990349,0.16934669017791748,NL-025
0.048928938806056976,0.1525116264820099,0.048276137560606,0.15971322357654572,NL-025
0.04853944852948189,0.15264484286308289,0.047637518495321274,0.15900127589702606,NL-025
0.04849851876497269,0.1504325270652771,0.04876182600855827,0.1621827483177185,NL-025
